"scientific_name","common_name","state_code","designation","source","source_url"
"Juniperus virginiana","eastern redcedar","WI","Invasive","Invasive Plant Atlas of the United States","https://www.invasiveplantatlas.org/subject.cfm?sub=2259"
"Juniperus virginiana","eastern redcedar","OR","Invasive","Invasive Plant Atlas of the United States","https://www.invasiveplantatlas.org/subject.cfm?sub=2259"
"Pueraria montana var. lobata (Willd.) Maesen &","kudzu","AL","Invasive","Invasive Plant Atlas of the United States","https://www.invasiveplantatlas.org/subject.cfm?sub=2425"
"Pueraria montana var. lobata (Willd.) Maesen &","kudzu","MI","Invasive","Invasive Plant Atlas of the United States","https://www.invasiveplantatlas.org/subject.cfm?sub=2425"
"Pueraria montana var. lobata (Willd.) Maesen &","kudzu","CT","Invasive","Invasive Plant Atlas of the United States","https://www.invasiveplantatlas.org/subject.cfm?sub=2425"
"Pueraria montana var. lobata (Willd.) Maesen &","kudzu","FL","Invasive","Invasive Plant Atlas of the United States","https://www.invasiveplantatlas.org/subject.cfm?sub=2425"
"Pueraria montana var. lobata (Willd.) Maesen &","kudzu","GA","Invasive","Invasive Plant Atlas of the United States","https://www.invasiveplantatlas.org/subject.cfm?sub=2425"
"Pueraria montana var. lobata (Willd.) Maesen &","kudzu","KY","Invasive","Invasive Plant Atlas of the United States","https://www.invasiveplantatlas.org/subject.cfm?sub=2425"
"Pueraria montana var. lobata (Willd.) Maesen &","kudzu","MD","Invasive","Invasive Plant Atlas of the United States","https://www.invasiveplantatlas.org/subject.cfm?sub=2425"
"Pueraria montana var. lobata (Willd.) Maesen &","kudzu","OR","Invasive","Invasive Plant Atlas of the United States","https://www.invasiveplantatlas.org/subject.cfm?sub=2425"
"Pueraria montana var. lobata (Willd.) Maesen &","kudzu","NH","Invasive","Invasive Plant Atlas of the United States","https://www.invasiveplantatlas.org/subject.cfm?sub=2425"
"Pueraria montana var. lobata (Willd.) Maesen &","kudzu","OH","Invasive","Invasive Plant Atlas of the United States","https://www.invasiveplantatlas.org/subject.cfm?sub=2425"
"Pueraria montana var. lobata (Willd.) Maesen &","kudzu","WA","Invasive","Invasive Plant Atlas of the United States","https://www.invasiveplantatlas.org/subject.cfm?sub=2425"
"Pueraria montana var. lobata (Willd.) Maesen &","kudzu","ID","Invasive","Invasive Plant Atlas of the United States","https://www.invasiveplantatlas.org/subject.cfm?sub=2425"
"Pueraria montana var. lobata (Willd.) Maesen &","kudzu","DE","Invasive","Invasive Plant Atlas of the United States","https://www.invasiveplantatlas.org/subject.cfm?sub=2425"
"Pueraria montana var. lobata (Willd.) Maesen &","kudzu","NJ","Invasive","Invasive Plant Atlas of the United States","https://www.invasiveplantatlas.org/subject.cfm?sub=2425"
"Pueraria montana var. lobata (Willd.) Maesen &","kudzu","NY","Invasive","Invasive Plant Atlas of the United States","https://www.invasiveplantatlas.org/subject.cfm?sub=2425"
"Pueraria montana var. lobata (Willd.) Maesen &","kudzu","PA","Invasive","Invasive Plant Atlas of the United States","https://www.invasiveplantatlas.org/subject.cfm?sub=2425"
"Pueraria montana var. lobata (Willd.) Maesen &","kudzu","VA","Invasive","Invasive Plant Atlas of the United States","https://www.invasiveplantatlas.org/subject.cfm?sub=2425"
"Pueraria montana var. lobata (Willd.) Maesen &","kudzu","WV","Invasive","Invasive Plant Atlas of the United States","https://www.invasiveplantatlas.org/subject.cfm?sub=2425"
"Pueraria montana var. lobata (Willd.) Maesen &","kudzu","DC","Invasive","Invasive Plant Atlas of the United States","https://www.invasiveplantatlas.org/subject.cfm?sub=2425"
"Pueraria montana var. lobata (Willd.) Maesen &","kudzu","SC","Invasive","Invasive Plant Atlas of the United States","https://www.invasiveplantatlas.org/subject.cfm?sub=2425"
"Pueraria montana var. lobata (Willd.) Maesen &","kudzu","TN","Invasive","Invasive Plant Atlas of the United States","https://www.invasiveplantatlas.org/subject.cfm?sub=2425"
"Paulownia tomentosa  (Thunb.)","princesstree","AL","Invasive","Invasive Plant Atlas of the United States","https://www.invasiveplantatlas.org/subject.cfm?sub=2426"
"Paulownia tomentosa  (Thunb.)","princesstree","PA","Invasive","Invasive Plant Atlas of the United States","https://www.invasiveplantatlas.org/subject.cfm?sub=2426"
"Paulownia tomentosa  (Thunb.)","princesstree","CT","Invasive","Invasive Plant Atlas of the United States","https://www.invasiveplantatlas.org/subject.cfm?sub=2426"
"Paulownia tomentosa  (Thunb.)","princesstree","GA","Invasive","Invasive Plant Atlas of the United States","https://www.invasiveplantatlas.org/subject.cfm?sub=2426"
"Paulownia tomentosa  (Thunb.)","princesstree","KY","Invasive","Invasive Plant Atlas of the United States","https://www.invasiveplantatlas.org/subject.cfm?sub=2426"
"Paulownia tomentosa  (Thunb.)","princesstree","OR","Invasive","Invasive Plant Atlas of the United States","https://www.invasiveplantatlas.org/subject.cfm?sub=2426"
"Paulownia tomentosa  (Thunb.)","princesstree","NH","Invasive","Invasive Plant Atlas of the United States","https://www.invasiveplantatlas.org/subject.cfm?sub=2426"
"Paulownia tomentosa  (Thunb.)","princesstree","VA","Invasive","Invasive Plant Atlas of the United States","https://www.invasiveplantatlas.org/subject.cfm?sub=2426"
"Paulownia tomentosa  (Thunb.)","princesstree","OH","Invasive","Invasive Plant Atlas of the United States","https://www.invasiveplantatlas.org/subject.cfm?sub=2426"
"Paulownia tomentosa  (Thunb.)","princesstree","DE","Invasive","Invasive Plant Atlas of the United States","https://www.invasiveplantatlas.org/subject.cfm?sub=2426"
"Paulownia tomentosa  (Thunb.)","princesstree","MD","Invasive","Invasive Plant Atlas of the United States","https://www.invasiveplantatlas.org/subject.cfm?sub=2426"
"Paulownia tomentosa  (Thunb.)","princesstree","NJ","Invasive","Invasive Plant Atlas of the United States","https://www.invasiveplantatlas.org/subject.cfm?sub=2426"
"Paulownia tomentosa  (Thunb.)","princesstree","NY","Invasive","Invasive Plant Atlas of the United States","https://www.invasiveplantatlas.org/subject.cfm?sub=2426"
"Paulownia tomentosa  (Thunb.)","princesstree","WV","Invasive","Invasive Plant Atlas of the United States","https://www.invasiveplantatlas.org/subject.cfm?sub=2426"
"Paulownia tomentosa  (Thunb.)","princesstree","DC","Invasive","Invasive Plant Atlas of the United States","https://www.invasiveplantatlas.org/subject.cfm?sub=2426"
"Paulownia tomentosa  (Thunb.)","princesstree","WA","Invasive","Invasive Plant Atlas of the United States","https://www.invasiveplantatlas.org/subject.cfm?sub=2426"
"Paulownia tomentosa  (Thunb.)","princesstree","RI","Invasive","Invasive Plant Atlas of the United States","https://www.invasiveplantatlas.org/subject.cfm?sub=2426"
"Paulownia tomentosa  (Thunb.)","princesstree","SC","Invasive","Invasive Plant Atlas of the United States","https://www.invasiveplantatlas.org/subject.cfm?sub=2426"
"Paulownia tomentosa  (Thunb.)","princesstree","TN","Invasive","Invasive Plant Atlas of the United States","https://www.invasiveplantatlas.org/subject.cfm?sub=2426"
"Imperata cylindrica  (L.)","cogongrass","AL","Invasive","Invasive Plant Atlas of the United States","https://www.invasiveplantatlas.org/subject.cfm?sub=2433"
"Imperata cylindrica  (L.)","cogongrass","FL","Invasive","Invasive Plant Atlas of the United States","https://www.invasiveplantatlas.org/subject.cfm?sub=2433"
"Imperata cylindrica  (L.)","cogongrass","GA","Invasive","Invasive Plant Atlas of the United States","https://www.invasiveplantatlas.org/subject.cfm?sub=2433"
"Imperata cylindrica  (L.)","cogongrass","VA","Invasive","Invasive Plant Atlas of the United States","https://www.invasiveplantatlas.org/subject.cfm?sub=2433"
"Imperata cylindrica  (L.)","cogongrass","SC","Invasive","Invasive Plant Atlas of the United States","https://www.invasiveplantatlas.org/subject.cfm?sub=2433"
"Imperata cylindrica  (L.)","cogongrass","TN","Invasive","Invasive Plant Atlas of the United States","https://www.invasiveplantatlas.org/subject.cfm?sub=2433"
"Solanum viarum  Dunal","tropical soda apple","AL","Invasive","Invasive Plant Atlas of the United States","https://www.invasiveplantatlas.org/subject.cfm?sub=2446"
"Solanum viarum  Dunal","tropical soda apple","FL","Invasive","Invasive Plant Atlas of the United States","https://www.invasiveplantatlas.org/subject.cfm?sub=2446"
"Solanum viarum  Dunal","tropical soda apple","GA","Invasive","Invasive Plant Atlas of the United States","https://www.invasiveplantatlas.org/subject.cfm?sub=2446"
"Solanum viarum  Dunal","tropical soda apple","TN","Invasive","Invasive Plant Atlas of the United States","https://www.invasiveplantatlas.org/subject.cfm?sub=2446"
"Solanum viarum  Dunal","tropical soda apple","VA","Invasive","Invasive Plant Atlas of the United States","https://www.invasiveplantatlas.org/subject.cfm?sub=2446"
"Phelipanche aegyptiaca  (Pers.) Pomel","Egyptian broomrape","CA","Invasive","Invasive Plant Atlas of the United States","https://www.invasiveplantatlas.org/subject.cfm?sub=2447"
"Orobanche minor  Smith","small broomrape","GA","Invasive","Invasive Plant Atlas of the United States","https://www.invasiveplantatlas.org/subject.cfm?sub=2450"
"Orobanche minor  Smith","small broomrape","OR","Invasive","Invasive Plant Atlas of the United States","https://www.invasiveplantatlas.org/subject.cfm?sub=2450"
"Orobanche minor  Smith","small broomrape","WA","Invasive","Invasive Plant Atlas of the United States","https://www.invasiveplantatlas.org/subject.cfm?sub=2450"
"Orobanche minor  Smith","small broomrape","ID","Invasive","Invasive Plant Atlas of the United States","https://www.invasiveplantatlas.org/subject.cfm?sub=2450"
"Populus tremuloides","quaking aspen","WI","Invasive","Invasive Plant Atlas of the United States","https://www.invasiveplantatlas.org/subject.cfm?sub=2758"
"Alternanthera philoxeroides  (Mart.)","alligatorweed","AL","Invasive","Invasive Plant Atlas of the United States","https://www.invasiveplantatlas.org/subject.cfm?sub=2779"
"Alternanthera philoxeroides  (Mart.)","alligatorweed","CA","Invasive","Invasive Plant Atlas of the United States","https://www.invasiveplantatlas.org/subject.cfm?sub=2779"
"Alternanthera philoxeroides  (Mart.)","alligatorweed","FL","Invasive","Invasive Plant Atlas of the United States","https://www.invasiveplantatlas.org/subject.cfm?sub=2779"
"Alternanthera philoxeroides  (Mart.)","alligatorweed","GA","Invasive","Invasive Plant Atlas of the United States","https://www.invasiveplantatlas.org/subject.cfm?sub=2779"
"Alternanthera philoxeroides  (Mart.)","alligatorweed","KY","Invasive","Invasive Plant Atlas of the United States","https://www.invasiveplantatlas.org/subject.cfm?sub=2779"
"Alternanthera philoxeroides  (Mart.)","alligatorweed","VA","Invasive","Invasive Plant Atlas of the United States","https://www.invasiveplantatlas.org/subject.cfm?sub=2779"
"Alternanthera philoxeroides  (Mart.)","alligatorweed","SC","Invasive","Invasive Plant Atlas of the United States","https://www.invasiveplantatlas.org/subject.cfm?sub=2779"
"Alternanthera philoxeroides  (Mart.)","alligatorweed","TN","Invasive","Invasive Plant Atlas of the United States","https://www.invasiveplantatlas.org/subject.cfm?sub=2779"
"Alternanthera philoxeroides  (Mart.)","alligatorweed","WV","Invasive","Invasive Plant Atlas of the United States","https://www.invasiveplantatlas.org/subject.cfm?sub=2779"
"Melaleuca quinquenervia  (Cav.) Blake","melaleuca","FL","Invasive","Invasive Plant Atlas of the United States","https://www.invasiveplantatlas.org/subject.cfm?sub=2783"
"Melaleuca quinquenervia  (Cav.) Blake","melaleuca","WA","Invasive","Invasive Plant Atlas of the United States","https://www.invasiveplantatlas.org/subject.cfm?sub=2783"
"Salvinia molesta","giant salvinia","AL","Invasive","Invasive Plant Atlas of the United States","https://www.invasiveplantatlas.org/subject.cfm?sub=2785"
"Salvinia molesta","giant salvinia","CA","Invasive","Invasive Plant Atlas of the United States","https://www.invasiveplantatlas.org/subject.cfm?sub=2785"
"Salvinia molesta","giant salvinia","CT","Invasive","Invasive Plant Atlas of the United States","https://www.invasiveplantatlas.org/subject.cfm?sub=2785"
"Salvinia molesta","giant salvinia","GA","Invasive","Invasive Plant Atlas of the United States","https://www.invasiveplantatlas.org/subject.cfm?sub=2785"
"Salvinia molesta","giant salvinia","NH","Invasive","Invasive Plant Atlas of the United States","https://www.invasiveplantatlas.org/subject.cfm?sub=2785"
"Salvinia molesta","giant salvinia","DE","Invasive","Invasive Plant Atlas of the United States","https://www.invasiveplantatlas.org/subject.cfm?sub=2785"
"Salvinia molesta","giant salvinia","MD","Invasive","Invasive Plant Atlas of the United States","https://www.invasiveplantatlas.org/subject.cfm?sub=2785"
"Salvinia molesta","giant salvinia","NJ","Invasive","Invasive Plant Atlas of the United States","https://www.invasiveplantatlas.org/subject.cfm?sub=2785"
"Salvinia molesta","giant salvinia","NY","Invasive","Invasive Plant Atlas of the United States","https://www.invasiveplantatlas.org/subject.cfm?sub=2785"
"Salvinia molesta","giant salvinia","PA","Invasive","Invasive Plant Atlas of the United States","https://www.invasiveplantatlas.org/subject.cfm?sub=2785"
"Salvinia molesta","giant salvinia","VA","Invasive","Invasive Plant Atlas of the United States","https://www.invasiveplantatlas.org/subject.cfm?sub=2785"
"Salvinia molesta","giant salvinia","WV","Invasive","Invasive Plant Atlas of the United States","https://www.invasiveplantatlas.org/subject.cfm?sub=2785"
"Salvinia molesta","giant salvinia","DC","Invasive","Invasive Plant Atlas of the United States","https://www.invasiveplantatlas.org/subject.cfm?sub=2785"
"Salvinia molesta","giant salvinia","RI","Invasive","Invasive Plant Atlas of the United States","https://www.invasiveplantatlas.org/subject.cfm?sub=2785"
"Salvinia molesta","giant salvinia","SC","Invasive","Invasive Plant Atlas of the United States","https://www.invasiveplantatlas.org/subject.cfm?sub=2785"
"Salvinia molesta","giant salvinia","TN","Invasive","Invasive Plant Atlas of the United States","https://www.invasiveplantatlas.org/subject.cfm?sub=2785"
"Cirsium arvense  (L.)","Canada thistle","AL","Invasive","Invasive Plant Atlas of the United States","https://www.invasiveplantatlas.org/subject.cfm?sub=2792"
"Cirsium arvense  (L.)","Canada thistle","CA","Invasive","Invasive Plant Atlas of the United States","https://www.invasiveplantatlas.org/subject.cfm?sub=2792"
"Cirsium arvense  (L.)","Canada thistle","MI","Invasive","Invasive Plant Atlas of the United States","https://www.invasiveplantatlas.org/subject.cfm?sub=2792"
"Cirsium arvense  (L.)","Canada thistle","PA","Invasive","Invasive Plant Atlas of the United States","https://www.invasiveplantatlas.org/subject.cfm?sub=2792"
"Cirsium arvense  (L.)","Canada thistle","CT","Invasive","Invasive Plant Atlas of the United States","https://www.invasiveplantatlas.org/subject.cfm?sub=2792"
"Cirsium arvense  (L.)","Canada thistle","WI","Invasive","Invasive Plant Atlas of the United States","https://www.invasiveplantatlas.org/subject.cfm?sub=2792"
"Cirsium arvense  (L.)","Canada thistle","KY","Invasive","Invasive Plant Atlas of the United States","https://www.invasiveplantatlas.org/subject.cfm?sub=2792"
"Cirsium arvense  (L.)","Canada thistle","MD","Invasive","Invasive Plant Atlas of the United States","https://www.invasiveplantatlas.org/subject.cfm?sub=2792"
"Cirsium arvense  (L.)","Canada thistle","OR","Invasive","Invasive Plant Atlas of the United States","https://www.invasiveplantatlas.org/subject.cfm?sub=2792"
"Cirsium arvense  (L.)","Canada thistle","NH","Invasive","Invasive Plant Atlas of the United States","https://www.invasiveplantatlas.org/subject.cfm?sub=2792"
"Cirsium arvense  (L.)","Canada thistle","VA","Invasive","Invasive Plant Atlas of the United States","https://www.invasiveplantatlas.org/subject.cfm?sub=2792"
"Cirsium arvense  (L.)","Canada thistle","OH","Invasive","Invasive Plant Atlas of the United States","https://www.invasiveplantatlas.org/subject.cfm?sub=2792"
"Cirsium arvense  (L.)","Canada thistle","WA","Invasive","Invasive Plant Atlas of the United States","https://www.invasiveplantatlas.org/subject.cfm?sub=2792"
"Cirsium arvense  (L.)","Canada thistle","ID","Invasive","Invasive Plant Atlas of the United States","https://www.invasiveplantatlas.org/subject.cfm?sub=2792"
"Cirsium arvense  (L.)","Canada thistle","DE","Invasive","Invasive Plant Atlas of the United States","https://www.invasiveplantatlas.org/subject.cfm?sub=2792"
"Cirsium arvense  (L.)","Canada thistle","NJ","Invasive","Invasive Plant Atlas of the United States","https://www.invasiveplantatlas.org/subject.cfm?sub=2792"
"Cirsium arvense  (L.)","Canada thistle","NY","Invasive","Invasive Plant Atlas of the United States","https://www.invasiveplantatlas.org/subject.cfm?sub=2792"
"Cirsium arvense  (L.)","Canada thistle","WV","Invasive","Invasive Plant Atlas of the United States","https://www.invasiveplantatlas.org/subject.cfm?sub=2792"
"Cirsium arvense  (L.)","Canada thistle","DC","Invasive","Invasive Plant Atlas of the United States","https://www.invasiveplantatlas.org/subject.cfm?sub=2792"
"Cirsium arvense  (L.)","Canada thistle","RI","Invasive","Invasive Plant Atlas of the United States","https://www.invasiveplantatlas.org/subject.cfm?sub=2792"
"Acer palmatum","Japanese maple","VA","Invasive","Invasive Plant Atlas of the United States","https://www.invasiveplantatlas.org/subject.cfm?sub=3001"
"Acer platanoides","Norway maple","MI","Invasive","Invasive Plant Atlas of the United States","https://www.invasiveplantatlas.org/subject.cfm?sub=3002"
"Acer platanoides","Norway maple","PA","Invasive","Invasive Plant Atlas of the United States","https://www.invasiveplantatlas.org/subject.cfm?sub=3002"
"Acer platanoides","Norway maple","CT","Invasive","Invasive Plant Atlas of the United States","https://www.invasiveplantatlas.org/subject.cfm?sub=3002"
"Acer platanoides","Norway maple","DE","Invasive","Invasive Plant Atlas of the United States","https://www.invasiveplantatlas.org/subject.cfm?sub=3002"
"Acer platanoides","Norway maple","WI","Invasive","Invasive Plant Atlas of the United States","https://www.invasiveplantatlas.org/subject.cfm?sub=3002"
"Acer platanoides","Norway maple","KY","Invasive","Invasive Plant Atlas of the United States","https://www.invasiveplantatlas.org/subject.cfm?sub=3002"
"Acer platanoides","Norway maple","MD","Invasive","Invasive Plant Atlas of the United States","https://www.invasiveplantatlas.org/subject.cfm?sub=3002"
"Acer platanoides","Norway maple","OR","Invasive","Invasive Plant Atlas of the United States","https://www.invasiveplantatlas.org/subject.cfm?sub=3002"
"Acer platanoides","Norway maple","NH","Invasive","Invasive Plant Atlas of the United States","https://www.invasiveplantatlas.org/subject.cfm?sub=3002"
"Acer platanoides","Norway maple","VA","Invasive","Invasive Plant Atlas of the United States","https://www.invasiveplantatlas.org/subject.cfm?sub=3002"
"Acer platanoides","Norway maple","OH","Invasive","Invasive Plant Atlas of the United States","https://www.invasiveplantatlas.org/subject.cfm?sub=3002"
"Acer platanoides","Norway maple","NJ","Invasive","Invasive Plant Atlas of the United States","https://www.invasiveplantatlas.org/subject.cfm?sub=3002"
"Acer platanoides","Norway maple","NY","Invasive","Invasive Plant Atlas of the United States","https://www.invasiveplantatlas.org/subject.cfm?sub=3002"
"Acer platanoides","Norway maple","WV","Invasive","Invasive Plant Atlas of the United States","https://www.invasiveplantatlas.org/subject.cfm?sub=3002"
"Acer platanoides","Norway maple","DC","Invasive","Invasive Plant Atlas of the United States","https://www.invasiveplantatlas.org/subject.cfm?sub=3002"
"Acer platanoides","Norway maple","WA","Invasive","Invasive Plant Atlas of the United States","https://www.invasiveplantatlas.org/subject.cfm?sub=3002"
"Acer platanoides","Norway maple","RI","Invasive","Invasive Plant Atlas of the United States","https://www.invasiveplantatlas.org/subject.cfm?sub=3002"
"Ailanthus altissima  (P.","tree-of-heaven","AL","Invasive","Invasive Plant Atlas of the United States","https://www.invasiveplantatlas.org/subject.cfm?sub=3003"
"Ailanthus altissima  (P.","tree-of-heaven","CA","Invasive","Invasive Plant Atlas of the United States","https://www.invasiveplantatlas.org/subject.cfm?sub=3003"
"Ailanthus altissima  (P.","tree-of-heaven","MI","Invasive","Invasive Plant Atlas of the United States","https://www.invasiveplantatlas.org/subject.cfm?sub=3003"
"Ailanthus altissima  (P.","tree-of-heaven","PA","Invasive","Invasive Plant Atlas of the United States","https://www.invasiveplantatlas.org/subject.cfm?sub=3003"
"Ailanthus altissima  (P.","tree-of-heaven","CT","Invasive","Invasive Plant Atlas of the United States","https://www.invasiveplantatlas.org/subject.cfm?sub=3003"
"Ailanthus altissima  (P.","tree-of-heaven","DE","Invasive","Invasive Plant Atlas of the United States","https://www.invasiveplantatlas.org/subject.cfm?sub=3003"
"Ailanthus altissima  (P.","tree-of-heaven","GA","Invasive","Invasive Plant Atlas of the United States","https://www.invasiveplantatlas.org/subject.cfm?sub=3003"
"Ailanthus altissima  (P.","tree-of-heaven","WI","Invasive","Invasive Plant Atlas of the United States","https://www.invasiveplantatlas.org/subject.cfm?sub=3003"
"Ailanthus altissima  (P.","tree-of-heaven","KY","Invasive","Invasive Plant Atlas of the United States","https://www.invasiveplantatlas.org/subject.cfm?sub=3003"
"Ailanthus altissima  (P.","tree-of-heaven","MD","Invasive","Invasive Plant Atlas of the United States","https://www.invasiveplantatlas.org/subject.cfm?sub=3003"
"Ailanthus altissima  (P.","tree-of-heaven","OR","Invasive","Invasive Plant Atlas of the United States","https://www.invasiveplantatlas.org/subject.cfm?sub=3003"
"Ailanthus altissima  (P.","tree-of-heaven","NH","Invasive","Invasive Plant Atlas of the United States","https://www.invasiveplantatlas.org/subject.cfm?sub=3003"
"Ailanthus altissima  (P.","tree-of-heaven","VA","Invasive","Invasive Plant Atlas of the United States","https://www.invasiveplantatlas.org/subject.cfm?sub=3003"
"Ailanthus altissima  (P.","tree-of-heaven","OH","Invasive","Invasive Plant Atlas of the United States","https://www.invasiveplantatlas.org/subject.cfm?sub=3003"
"Ailanthus altissima  (P.","tree-of-heaven","NJ","Invasive","Invasive Plant Atlas of the United States","https://www.invasiveplantatlas.org/subject.cfm?sub=3003"
"Ailanthus altissima  (P.","tree-of-heaven","NY","Invasive","Invasive Plant Atlas of the United States","https://www.invasiveplantatlas.org/subject.cfm?sub=3003"
"Ailanthus altissima  (P.","tree-of-heaven","WV","Invasive","Invasive Plant Atlas of the United States","https://www.invasiveplantatlas.org/subject.cfm?sub=3003"
"Ailanthus altissima  (P.","tree-of-heaven","DC","Invasive","Invasive Plant Atlas of the United States","https://www.invasiveplantatlas.org/subject.cfm?sub=3003"
"Ailanthus altissima  (P.","tree-of-heaven","WA","Invasive","Invasive Plant Atlas of the United States","https://www.invasiveplantatlas.org/subject.cfm?sub=3003"
"Ailanthus altissima  (P.","tree-of-heaven","RI","Invasive","Invasive Plant Atlas of the United States","https://www.invasiveplantatlas.org/subject.cfm?sub=3003"
"Ailanthus altissima  (P.","tree-of-heaven","SC","Invasive","Invasive Plant Atlas of the United States","https://www.invasiveplantatlas.org/subject.cfm?sub=3003"
"Ailanthus altissima  (P.","tree-of-heaven","TN","Invasive","Invasive Plant Atlas of the United States","https://www.invasiveplantatlas.org/subject.cfm?sub=3003"
"Albizia julibrissin","mimosa","AL","Invasive","Invasive Plant Atlas of the United States","https://www.invasiveplantatlas.org/subject.cfm?sub=3004"
"Albizia julibrissin","mimosa","FL","Invasive","Invasive Plant Atlas of the United States","https://www.invasiveplantatlas.org/subject.cfm?sub=3004"
"Albizia julibrissin","mimosa","GA","Invasive","Invasive Plant Atlas of the United States","https://www.invasiveplantatlas.org/subject.cfm?sub=3004"
"Albizia julibrissin","mimosa","KY","Invasive","Invasive Plant Atlas of the United States","https://www.invasiveplantatlas.org/subject.cfm?sub=3004"
"Albizia julibrissin","mimosa","VA","Invasive","Invasive Plant Atlas of the United States","https://www.invasiveplantatlas.org/subject.cfm?sub=3004"
"Albizia julibrissin","mimosa","DE","Invasive","Invasive Plant Atlas of the United States","https://www.invasiveplantatlas.org/subject.cfm?sub=3004"
"Albizia julibrissin","mimosa","MD","Invasive","Invasive Plant Atlas of the United States","https://www.invasiveplantatlas.org/subject.cfm?sub=3004"
"Albizia julibrissin","mimosa","NJ","Invasive","Invasive Plant Atlas of the United States","https://www.invasiveplantatlas.org/subject.cfm?sub=3004"
"Albizia julibrissin","mimosa","NY","Invasive","Invasive Plant Atlas of the United States","https://www.invasiveplantatlas.org/subject.cfm?sub=3004"
"Albizia julibrissin","mimosa","PA","Invasive","Invasive Plant Atlas of the United States","https://www.invasiveplantatlas.org/subject.cfm?sub=3004"
"Albizia julibrissin","mimosa","WV","Invasive","Invasive Plant Atlas of the United States","https://www.invasiveplantatlas.org/subject.cfm?sub=3004"
"Albizia julibrissin","mimosa","DC","Invasive","Invasive Plant Atlas of the United States","https://www.invasiveplantatlas.org/subject.cfm?sub=3004"
"Albizia julibrissin","mimosa","WA","Invasive","Invasive Plant Atlas of the United States","https://www.invasiveplantatlas.org/subject.cfm?sub=3004"
"Albizia julibrissin","mimosa","SC","Invasive","Invasive Plant Atlas of the United States","https://www.invasiveplantatlas.org/subject.cfm?sub=3004"
"Albizia julibrissin","mimosa","TN","Invasive","Invasive Plant Atlas of the United States","https://www.invasiveplantatlas.org/subject.cfm?sub=3004"
"Alliaria petiolata  (Bieb.) Cavara & Grande","garlic mustard","AL","Invasive","Invasive Plant Atlas of the United States","https://www.invasiveplantatlas.org/subject.cfm?sub=3005"
"Alliaria petiolata  (Bieb.) Cavara & Grande","garlic mustard","CA","Invasive","Invasive Plant Atlas of the United States","https://www.invasiveplantatlas.org/subject.cfm?sub=3005"
"Alliaria petiolata  (Bieb.) Cavara & Grande","garlic mustard","MI","Invasive","Invasive Plant Atlas of the United States","https://www.invasiveplantatlas.org/subject.cfm?sub=3005"
"Alliaria petiolata  (Bieb.) Cavara & Grande","garlic mustard","PA","Invasive","Invasive Plant Atlas of the United States","https://www.invasiveplantatlas.org/subject.cfm?sub=3005"
"Alliaria petiolata  (Bieb.) Cavara & Grande","garlic mustard","CT","Invasive","Invasive Plant Atlas of the United States","https://www.invasiveplantatlas.org/subject.cfm?sub=3005"
"Alliaria petiolata  (Bieb.) Cavara & Grande","garlic mustard","DE","Invasive","Invasive Plant Atlas of the United States","https://www.invasiveplantatlas.org/subject.cfm?sub=3005"
"Alliaria petiolata  (Bieb.) Cavara & Grande","garlic mustard","GA","Invasive","Invasive Plant Atlas of the United States","https://www.invasiveplantatlas.org/subject.cfm?sub=3005"
"Alliaria petiolata  (Bieb.) Cavara & Grande","garlic mustard","WI","Invasive","Invasive Plant Atlas of the United States","https://www.invasiveplantatlas.org/subject.cfm?sub=3005"
"Alliaria petiolata  (Bieb.) Cavara & Grande","garlic mustard","KY","Invasive","Invasive Plant Atlas of the United States","https://www.invasiveplantatlas.org/subject.cfm?sub=3005"
"Alliaria petiolata  (Bieb.) Cavara & Grande","garlic mustard","MD","Invasive","Invasive Plant Atlas of the United States","https://www.invasiveplantatlas.org/subject.cfm?sub=3005"
"Alliaria petiolata  (Bieb.) Cavara & Grande","garlic mustard","OR","Invasive","Invasive Plant Atlas of the United States","https://www.invasiveplantatlas.org/subject.cfm?sub=3005"
"Alliaria petiolata  (Bieb.) Cavara & Grande","garlic mustard","NH","Invasive","Invasive Plant Atlas of the United States","https://www.invasiveplantatlas.org/subject.cfm?sub=3005"
"Alliaria petiolata  (Bieb.) Cavara & Grande","garlic mustard","VA","Invasive","Invasive Plant Atlas of the United States","https://www.invasiveplantatlas.org/subject.cfm?sub=3005"
"Alliaria petiolata  (Bieb.) Cavara & Grande","garlic mustard","OH","Invasive","Invasive Plant Atlas of the United States","https://www.invasiveplantatlas.org/subject.cfm?sub=3005"
"Alliaria petiolata  (Bieb.) Cavara & Grande","garlic mustard","WA","Invasive","Invasive Plant Atlas of the United States","https://www.invasiveplantatlas.org/subject.cfm?sub=3005"
"Alliaria petiolata  (Bieb.) Cavara & Grande","garlic mustard","ID","Invasive","Invasive Plant Atlas of the United States","https://www.invasiveplantatlas.org/subject.cfm?sub=3005"
"Alliaria petiolata  (Bieb.) Cavara & Grande","garlic mustard","NJ","Invasive","Invasive Plant Atlas of the United States","https://www.invasiveplantatlas.org/subject.cfm?sub=3005"
"Alliaria petiolata  (Bieb.) Cavara & Grande","garlic mustard","NY","Invasive","Invasive Plant Atlas of the United States","https://www.invasiveplantatlas.org/subject.cfm?sub=3005"
"Alliaria petiolata  (Bieb.) Cavara & Grande","garlic mustard","WV","Invasive","Invasive Plant Atlas of the United States","https://www.invasiveplantatlas.org/subject.cfm?sub=3005"
"Alliaria petiolata  (Bieb.) Cavara & Grande","garlic mustard","DC","Invasive","Invasive Plant Atlas of the United States","https://www.invasiveplantatlas.org/subject.cfm?sub=3005"
"Alliaria petiolata  (Bieb.) Cavara & Grande","garlic mustard","RI","Invasive","Invasive Plant Atlas of the United States","https://www.invasiveplantatlas.org/subject.cfm?sub=3005"
"Alliaria petiolata  (Bieb.) Cavara & Grande","garlic mustard","TN","Invasive","Invasive Plant Atlas of the United States","https://www.invasiveplantatlas.org/subject.cfm?sub=3005"
"Ardisia crenata  Sims","coral ardisia","AL","Invasive","Invasive Plant Atlas of the United States","https://www.invasiveplantatlas.org/subject.cfm?sub=3008"
"Ardisia crenata  Sims","coral ardisia","FL","Invasive","Invasive Plant Atlas of the United States","https://www.invasiveplantatlas.org/subject.cfm?sub=3008"
"Ardisia crenata  Sims","coral ardisia","GA","Invasive","Invasive Plant Atlas of the United States","https://www.invasiveplantatlas.org/subject.cfm?sub=3008"
"Ardisia crenata  Sims","coral ardisia","SC","Invasive","Invasive Plant Atlas of the United States","https://www.invasiveplantatlas.org/subject.cfm?sub=3008"
"Arundo donax","giant reed","AL","Invasive","Invasive Plant Atlas of the United States","https://www.invasiveplantatlas.org/subject.cfm?sub=3009"
"Arundo donax","giant reed","CA","Invasive","Invasive Plant Atlas of the United States","https://www.invasiveplantatlas.org/subject.cfm?sub=3009"
"Arundo donax","giant reed","GA","Invasive","Invasive Plant Atlas of the United States","https://www.invasiveplantatlas.org/subject.cfm?sub=3009"
"Arundo donax","giant reed","KY","Invasive","Invasive Plant Atlas of the United States","https://www.invasiveplantatlas.org/subject.cfm?sub=3009"
"Arundo donax","giant reed","MD","Invasive","Invasive Plant Atlas of the United States","https://www.invasiveplantatlas.org/subject.cfm?sub=3009"
"Arundo donax","giant reed","VA","Invasive","Invasive Plant Atlas of the United States","https://www.invasiveplantatlas.org/subject.cfm?sub=3009"
"Arundo donax","giant reed","SC","Invasive","Invasive Plant Atlas of the United States","https://www.invasiveplantatlas.org/subject.cfm?sub=3009"
"Arundo donax","giant reed","TN","Invasive","Invasive Plant Atlas of the United States","https://www.invasiveplantatlas.org/subject.cfm?sub=3009"
"Arundo donax","giant reed","WV","Invasive","Invasive Plant Atlas of the United States","https://www.invasiveplantatlas.org/subject.cfm?sub=3009"
"Berberis thunbergii  DC.","Japanese barberry","AL","Invasive","Invasive Plant Atlas of the United States","https://www.invasiveplantatlas.org/subject.cfm?sub=3010"
"Berberis thunbergii  DC.","Japanese barberry","MI","Invasive","Invasive Plant Atlas of the United States","https://www.invasiveplantatlas.org/subject.cfm?sub=3010"
"Berberis thunbergii  DC.","Japanese barberry","PA","Invasive","Invasive Plant Atlas of the United States","https://www.invasiveplantatlas.org/subject.cfm?sub=3010"
"Berberis thunbergii  DC.","Japanese barberry","CT","Invasive","Invasive Plant Atlas of the United States","https://www.invasiveplantatlas.org/subject.cfm?sub=3010"
"Berberis thunbergii  DC.","Japanese barberry","DE","Invasive","Invasive Plant Atlas of the United States","https://www.invasiveplantatlas.org/subject.cfm?sub=3010"
"Berberis thunbergii  DC.","Japanese barberry","GA","Invasive","Invasive Plant Atlas of the United States","https://www.invasiveplantatlas.org/subject.cfm?sub=3010"
"Berberis thunbergii  DC.","Japanese barberry","WI","Invasive","Invasive Plant Atlas of the United States","https://www.invasiveplantatlas.org/subject.cfm?sub=3010"
"Berberis thunbergii  DC.","Japanese barberry","KY","Invasive","Invasive Plant Atlas of the United States","https://www.invasiveplantatlas.org/subject.cfm?sub=3010"
"Berberis thunbergii  DC.","Japanese barberry","MD","Invasive","Invasive Plant Atlas of the United States","https://www.invasiveplantatlas.org/subject.cfm?sub=3010"
"Berberis thunbergii  DC.","Japanese barberry","NH","Invasive","Invasive Plant Atlas of the United States","https://www.invasiveplantatlas.org/subject.cfm?sub=3010"
"Berberis thunbergii  DC.","Japanese barberry","VA","Invasive","Invasive Plant Atlas of the United States","https://www.invasiveplantatlas.org/subject.cfm?sub=3010"
"Berberis thunbergii  DC.","Japanese barberry","OH","Invasive","Invasive Plant Atlas of the United States","https://www.invasiveplantatlas.org/subject.cfm?sub=3010"
"Berberis thunbergii  DC.","Japanese barberry","NJ","Invasive","Invasive Plant Atlas of the United States","https://www.invasiveplantatlas.org/subject.cfm?sub=3010"
"Berberis thunbergii  DC.","Japanese barberry","NY","Invasive","Invasive Plant Atlas of the United States","https://www.invasiveplantatlas.org/subject.cfm?sub=3010"
"Berberis thunbergii  DC.","Japanese barberry","WV","Invasive","Invasive Plant Atlas of the United States","https://www.invasiveplantatlas.org/subject.cfm?sub=3010"
"Berberis thunbergii  DC.","Japanese barberry","DC","Invasive","Invasive Plant Atlas of the United States","https://www.invasiveplantatlas.org/subject.cfm?sub=3010"
"Berberis thunbergii  DC.","Japanese barberry","WA","Invasive","Invasive Plant Atlas of the United States","https://www.invasiveplantatlas.org/subject.cfm?sub=3010"
"Berberis thunbergii  DC.","Japanese barberry","RI","Invasive","Invasive Plant Atlas of the United States","https://www.invasiveplantatlas.org/subject.cfm?sub=3010"
"Carduus nutans","musk thistle, nodding thistle","AL","Invasive","Invasive Plant Atlas of the United States","https://www.invasiveplantatlas.org/subject.cfm?sub=3011"
"Carduus nutans","musk thistle, nodding thistle","CA","Invasive","Invasive Plant Atlas of the United States","https://www.invasiveplantatlas.org/subject.cfm?sub=3011"
"Carduus nutans","musk thistle, nodding thistle","PA","Invasive","Invasive Plant Atlas of the United States","https://www.invasiveplantatlas.org/subject.cfm?sub=3011"
"Carduus nutans","musk thistle, nodding thistle","GA","Invasive","Invasive Plant Atlas of the United States","https://www.invasiveplantatlas.org/subject.cfm?sub=3011"
"Carduus nutans","musk thistle, nodding thistle","WI","Invasive","Invasive Plant Atlas of the United States","https://www.invasiveplantatlas.org/subject.cfm?sub=3011"
"Carduus nutans","musk thistle, nodding thistle","KY","Invasive","Invasive Plant Atlas of the United States","https://www.invasiveplantatlas.org/subject.cfm?sub=3011"
"Carduus nutans","musk thistle, nodding thistle","NH","Invasive","Invasive Plant Atlas of the United States","https://www.invasiveplantatlas.org/subject.cfm?sub=3011"
"Carduus nutans","musk thistle, nodding thistle","VA","Invasive","Invasive Plant Atlas of the United States","https://www.invasiveplantatlas.org/subject.cfm?sub=3011"
"Carduus nutans","musk thistle, nodding thistle","OR","Invasive","Invasive Plant Atlas of the United States","https://www.invasiveplantatlas.org/subject.cfm?sub=3011"
"Carduus nutans","musk thistle, nodding thistle","WA","Invasive","Invasive Plant Atlas of the United States","https://www.invasiveplantatlas.org/subject.cfm?sub=3011"
"Carduus nutans","musk thistle, nodding thistle","ID","Invasive","Invasive Plant Atlas of the United States","https://www.invasiveplantatlas.org/subject.cfm?sub=3011"
"Celastrus orbiculatus","round leaf bittersweet","AL","Invasive","Invasive Plant Atlas of the United States","https://www.invasiveplantatlas.org/subject.cfm?sub=3012"
"Celastrus orbiculatus","round leaf bittersweet","MI","Invasive","Invasive Plant Atlas of the United States","https://www.invasiveplantatlas.org/subject.cfm?sub=3012"
"Celastrus orbiculatus","round leaf bittersweet","PA","Invasive","Invasive Plant Atlas of the United States","https://www.invasiveplantatlas.org/subject.cfm?sub=3012"
"Celastrus orbiculatus","round leaf bittersweet","CT","Invasive","Invasive Plant Atlas of the United States","https://www.invasiveplantatlas.org/subject.cfm?sub=3012"
"Celastrus orbiculatus","round leaf bittersweet","DE","Invasive","Invasive Plant Atlas of the United States","https://www.invasiveplantatlas.org/subject.cfm?sub=3012"
"Celastrus orbiculatus","round leaf bittersweet","GA","Invasive","Invasive Plant Atlas of the United States","https://www.invasiveplantatlas.org/subject.cfm?sub=3012"
"Celastrus orbiculatus","round leaf bittersweet","WI","Invasive","Invasive Plant Atlas of the United States","https://www.invasiveplantatlas.org/subject.cfm?sub=3012"
"Celastrus orbiculatus","round leaf bittersweet","KY","Invasive","Invasive Plant Atlas of the United States","https://www.invasiveplantatlas.org/subject.cfm?sub=3012"
"Celastrus orbiculatus","round leaf bittersweet","MD","Invasive","Invasive Plant Atlas of the United States","https://www.invasiveplantatlas.org/subject.cfm?sub=3012"
"Celastrus orbiculatus","round leaf bittersweet","NH","Invasive","Invasive Plant Atlas of the United States","https://www.invasiveplantatlas.org/subject.cfm?sub=3012"
"Celastrus orbiculatus","round leaf bittersweet","VA","Invasive","Invasive Plant Atlas of the United States","https://www.invasiveplantatlas.org/subject.cfm?sub=3012"
"Celastrus orbiculatus","round leaf bittersweet","OH","Invasive","Invasive Plant Atlas of the United States","https://www.invasiveplantatlas.org/subject.cfm?sub=3012"
"Celastrus orbiculatus","round leaf bittersweet","NJ","Invasive","Invasive Plant Atlas of the United States","https://www.invasiveplantatlas.org/subject.cfm?sub=3012"
"Celastrus orbiculatus","round leaf bittersweet","NY","Invasive","Invasive Plant Atlas of the United States","https://www.invasiveplantatlas.org/subject.cfm?sub=3012"
"Celastrus orbiculatus","round leaf bittersweet","WV","Invasive","Invasive Plant Atlas of the United States","https://www.invasiveplantatlas.org/subject.cfm?sub=3012"
"Celastrus orbiculatus","round leaf bittersweet","DC","Invasive","Invasive Plant Atlas of the United States","https://www.invasiveplantatlas.org/subject.cfm?sub=3012"
"Celastrus orbiculatus","round leaf bittersweet","RI","Invasive","Invasive Plant Atlas of the United States","https://www.invasiveplantatlas.org/subject.cfm?sub=3012"
"Celastrus orbiculatus","round leaf bittersweet","SC","Invasive","Invasive Plant Atlas of the United States","https://www.invasiveplantatlas.org/subject.cfm?sub=3012"
"Celastrus orbiculatus","round leaf bittersweet","TN","Invasive","Invasive Plant Atlas of the United States","https://www.invasiveplantatlas.org/subject.cfm?sub=3012"
